{
  "experiment_name": "tfidf_param_test_tfidf_min2_max3",
  "experiment_description": "TF-IDF Parameter Effect Analysis (TF-IDF: min_n=2, max_n=3)",
  "error_level": "character",
  "max_errors": 5,
  "tfidf_parameters": {
    "min_n": 2,
    "max_n": 3
  },
  "num_samples": 30,
  "timestamp": "2025-03-24T11:15:10.971053",
  "error_counts": [
    1,
    2,
    3,
    4,
    5
  ],
  "by_error_count": {
    "1": {
      "downgrade_percent": 80.0,
      "average_quality_drop": 0.005200552269089567,
      "total_tests": 120,
      "downgrade_count": 96
    },
    "2": {
      "downgrade_percent": 82.5,
      "average_quality_drop": 0.012693629935759338,
      "total_tests": 120,
      "downgrade_count": 99
    },
    "3": {
      "downgrade_percent": 89.16666666666667,
      "average_quality_drop": 0.018222257237869036,
      "total_tests": 120,
      "downgrade_count": 107
    },
    "4": {
      "downgrade_percent": 88.33333333333333,
      "average_quality_drop": 0.0341646889085004,
      "total_tests": 120,
      "downgrade_count": 106
    },
    "5": {
      "downgrade_percent": 92.5,
      "average_quality_drop": 0.04232972047479218,
      "total_tests": 120,
      "downgrade_count": 111
    }
  },
  "by_error_type": {
    "replace": {
      "downgrade_percent": [
        80.0,
        83.33333333333334,
        83.33333333333334,
        90.0,
        90.0
      ],
      "avg_quality_drop": [
        0.00557857240406504,
        0.012196349209861719,
        0.015502112686163026,
        0.06380195973549113,
        0.027929901944231603
      ]
    },
    "insert": {
      "downgrade_percent": [
        83.33333333333334,
        76.66666666666667,
        93.33333333333333,
        86.66666666666667,
        96.66666666666667
      ],
      "avg_quality_drop": [
        0.004610986662957157,
        0.01363820789743868,
        0.016852562334801847,
        0.019587938275089305,
        0.05220695386169214
      ]
    },
    "delete": {
      "downgrade_percent": [
        70.0,
        86.66666666666667,
        93.33333333333333,
        90.0,
        86.66666666666667
      ],
      "avg_quality_drop": [
        0.0031998437393487528,
        0.010282055380636514,
        0.019252710453516612,
        0.023997680952911066,
        0.02132903251396771
      ]
    },
    "swap": {
      "downgrade_percent": [
        86.66666666666667,
        83.33333333333334,
        86.66666666666667,
        86.66666666666667,
        96.66666666666667
      ],
      "avg_quality_drop": [
        0.007034457501337876,
        0.014829936474239717,
        0.02120311804711514,
        0.028522320406225415,
        0.0646874176846705
      ]
    }
  }
}