{
  "experiment_name": "tfidf_param_test_tfidf_min1_max20",
  "experiment_description": "TF-IDF Parameter Effect Analysis (TF-IDF: min_n=1, max_n=20)",
  "error_level": "character",
  "max_errors": 5,
  "tfidf_parameters": {
    "min_n": 1,
    "max_n": 20
  },
  "num_samples": 30,
  "timestamp": "2025-03-24T11:14:38.810535",
  "error_counts": [
    1,
    2,
    3,
    4,
    5
  ],
  "by_error_count": {
    "1": {
      "downgrade_percent": 90.83333333333333,
      "average_quality_drop": 0.017475373370192747,
      "total_tests": 120,
      "downgrade_count": 109
    },
    "2": {
      "downgrade_percent": 96.63865546218487,
      "average_quality_drop": 0.03314150617046189,
      "total_tests": 119,
      "downgrade_count": 115
    },
    "3": {
      "downgrade_percent": 96.66666666666667,
      "average_quality_drop": 0.05158098971655438,
      "total_tests": 120,
      "downgrade_count": 116
    },
    "4": {
      "downgrade_percent": 96.66666666666667,
      "average_quality_drop": 0.08159179530470087,
      "total_tests": 120,
      "downgrade_count": 116
    },
    "5": {
      "downgrade_percent": 96.66666666666667,
      "average_quality_drop": 0.10563300128285523,
      "total_tests": 120,
      "downgrade_count": 116
    }
  },
  "by_error_type": {
    "replace": {
      "downgrade_percent": [
        93.33333333333333,
        100.0,
        96.66666666666667,
        96.66666666666667,
        96.66666666666667
      ],
      "avg_quality_drop": [
        0.017180847672259473,
        0.02700121341237273,
        0.05620891435750122,
        0.06741580357135613,
        0.09582897034853632
      ]
    },
    "insert": {
      "downgrade_percent": [
        90.0,
        96.66666666666667,
        96.66666666666667,
        96.66666666666667,
        96.66666666666667
      ],
      "avg_quality_drop": [
        0.01972639875129736,
        0.04002658088204263,
        0.05101624449899812,
        0.06486827728003458,
        0.08691500053349381
      ]
    },
    "delete": {
      "downgrade_percent": [
        90.0,
        93.33333333333333,
        96.66666666666667,
        96.66666666666667,
        96.66666666666667
      ],
      "avg_quality_drop": [
        0.014668007085318655,
        0.03467154549584702,
        0.0556403066080761,
        0.10393409368003734,
        0.13200801600452794
      ]
    },
    "swap": {
      "downgrade_percent": [
        90.0,
        96.55172413793103,
        96.66666666666667,
        96.66666666666667,
        96.66666666666667
      ],
      "avg_quality_drop": [
        0.0183371483310782,
        0.031059381706035116,
        0.04345849340164207,
        0.09014900668737538,
        0.10778001824486264
      ]
    }
  }
}