{
  "experiment_name": "threshold_optimization_thresholds",
  "experiment_description": "Quality Threshold Optimization (Threshold Analysis)",
  "error_level": "character",
  "max_errors": 5,
  "tfidf_parameters": {
    "min_n": 1,
    "max_n": 3
  },
  "timestamp": "2025-03-24T11:19:45.108115",
  "thresholds": {
    "1": {
      "best_threshold": 0.962302226468777,
      "best_f1": 0.8905660376864478,
      "accuracy": 0.8040540540540541,
      "precision": 0.8027210884353742,
      "recall": 1.0,
      "average_precision": 0.8386372573137009,
      "roc_auc": 0.5781073446327684,
      "num_samples": 148
    },
    "2": {
      "best_threshold": 0.9562701639532614,
      "best_f1": 0.8988764044448934,
      "accuracy": 0.82,
      "precision": 0.8163265306122449,
      "recall": 1.0,
      "average_precision": 0.8738266318803101,
      "roc_auc": 0.6561111111111111,
      "num_samples": 150
    },
    "3": {
      "best_threshold": 0.9526462870495984,
      "best_f1": 0.9015151514655647,
      "accuracy": 0.8266666666666667,
      "precision": 0.8263888888888888,
      "recall": 0.9916666666666667,
      "average_precision": 0.8970125150688677,
      "roc_auc": 0.7061111111111111,
      "num_samples": 150
    },
    "4": {
      "best_threshold": 0.9416266416121053,
      "best_f1": 0.9062499999501953,
      "accuracy": 0.84,
      "precision": 0.8529411764705882,
      "recall": 0.9666666666666667,
      "average_precision": 0.924347419158498,
      "roc_auc": 0.7783333333333332,
      "num_samples": 150
    },
    "5": {
      "best_threshold": 0.9394906636677843,
      "best_f1": 0.9224806201052822,
      "accuracy": 0.8666666666666667,
      "precision": 0.8623188405797102,
      "recall": 0.9916666666666667,
      "average_precision": 0.9381757551135699,
      "roc_auc": 0.8061111111111111,
      "num_samples": 150
    }
  }
}