error_count,precision,recall,f1_score,accuracy
1,0.8,0.925,0.8579710144927537,0.8625
2,0.8150000000000001,1.0,0.8980716253443527,0.9075
3,0.8300000000000001,0.95,0.8859550561797752,0.89
4,0.8450000000000001,1.0,0.9159891598915989,0.9225000000000001
5,0.8600000000000001,1.0,0.924731182795699,0.93
